{
  "Positions": [
    [
      15.652264595031738,
      26.190624237060547
    ],
    [
      18.490690231323242,
      26.193733215332031
    ],
    [
      21.32911491394043,
      26.196842193603516
    ],
    [
      24.15220832824707,
      26.4526424407959
    ],
    [
      26.780246734619141,
      27.477931976318359
    ],
    [
      28.831459045410156,
      29.414508819580078
    ],
    [
      30.882671356201172,
      31.351085662841797
    ],
    [
      33.510707855224609,
      32.376373291015625
    ],
    [
      36.138744354248047,
      33.401660919189453
    ],
    [
      38.389209747314453,
      35.1252326965332
    ],
    [
      40.063907623291016,
      37.395298004150391
    ],
    [
      42.077178955078125,
      39.490772247314453
    ],
    [
      40.040370941162109,
      37.513885498046875
    ],
    [
      38.003562927246094,
      35.5369987487793
    ],
    [
      35.966754913330078,
      33.560111999511719
    ],
    [
      34.116748809814453,
      31.412374496459961
    ],
    [
      32.677562713623047,
      28.970237731933594
    ],
    [
      31.6949405670166,
      26.31134033203125
    ],
    [
      31.490932464599609,
      23.497768402099609
    ],
    [
      32.079708099365234,
      20.72492790222168
    ],
    [
      32.9144401550293,
      18.012016296386719
    ],
    [
      33.749172210693359,
      15.299104690551758
    ],
    [
      35.158981323242188,
      12.267796516418457
    ]
  ],
  "Headings": [
    -1.5697006901629607,
    -1.5697006901629607,
    -1.5697006901629607,
    -1.3911671657569968,
    -1.0064799408615954,
    -0.6217932485984079,
    -1.0064799408615954,
    -1.3911671657569968,
    -1.0064799408615954,
    -0.82794588382341772,
    -0.44325919156023019,
    -0.80032677300437172,
    -0.80032677300437172,
    -0.80032677300437172,
    -0.80032677300437172,
    -0.621792715966194,
    -0.44325919156023019,
    -0.26472513452205249,
    0.11996155774113504,
    0.29849561477931275,
    0.29849561477931275,
    0.29849561477931275,
    0.11996155774113504
  ],
  "HitchAngles": [
    -0.0015180018095861669,
    -0.0010167948963157869,
    -0.00068123660156516053,
    -0.17898999021326745,
    -0.50491669664012306,
    -0.72994688278981812,
    -0.12517283132183366,
    0.30071922111424954,
    -0.18173091558594479,
    -0.30061389309395281,
    -0.587571096223769,
    0.19829358033003786,
    0.26331222770616947,
    0.34921758129680569,
    0.4621482606565408,
    0.43077429246665133,
    0.39006075156425624,
    0.33702622913210689,
    0.06148067118488143,
    -0.096773946941652866,
    -0.12866476811609573,
    -0.17101329017805256,
    -0.048647430623418586
  ]
}